rider_id,avg_delivery_time,total_orders,night_orders,weekend_orders,avg_order_value,workload_index,burnout_score,burnout_level,cluster
C1004,75.0,1,1,0,283.0,0.3333333333333333,16.0,Low,2
C1005,117.0,1,0,1,705.0,0.3333333333333333,36.0,Low,2
C1009,43.5,2,2,1,1561.0,0.6666666666666666,20.0,Low,1
C1055,80.0,1,0,0,1148.0,0.3333333333333333,52.0,Medium,0
C1064,44.0,1,0,0,1538.0,0.3333333333333333,28.999999999999996,Low,0
C1077,46.0,1,0,0,514.0,0.3333333333333333,62.0,Medium,2
C1094,98.0,1,1,0,1173.0,0.3333333333333333,33.0,Low,2
C1098,116.0,1,0,0,278.0,0.3333333333333333,50.0,Medium,2
C1117,95.0,1,1,0,1618.0,0.3333333333333333,12.0,Low,0
C1125,59.0,1,0,0,291.0,0.3333333333333333,51.0,Medium,2
C1126,66.0,1,0,0,957.0,0.3333333333333333,32.0,Low,0
C1133,35.0,1,0,0,1923.0,0.3333333333333333,39.0,Low,0
C1137,109.0,1,0,0,1015.0,0.3333333333333333,59.0,Medium,2
C1154,48.0,1,0,0,1917.0,0.3333333333333333,22.0,Low,0
C1161,98.0,1,0,0,958.0,0.3333333333333333,56.99999999999999,Medium,2
C1189,105.0,1,0,0,1001.0,0.3333333333333333,47.0,Medium,2
C1190,115.0,1,1,0,683.0,0.3333333333333333,46.0,Medium,2
C1197,48.0,1,0,0,265.0,0.3333333333333333,44.0,Medium,2
C1202,47.0,1,1,0,1182.0,0.3333333333333333,60.0,Medium,0
C1206,57.0,1,0,1,1788.0,0.3333333333333333,46.0,Medium,0
C1224,66.0,1,1,0,1562.0,0.3333333333333333,20.0,Low,0
C1225,72.0,1,1,1,593.0,0.3333333333333333,20.0,Low,2
C1232,73.0,1,0,0,542.0,0.3333333333333333,19.0,Low,2
C1235,53.0,1,0,0,265.0,0.3333333333333333,31.0,Low,2
C1249,66.0,1,0,1,309.0,0.3333333333333333,81.0,High,2
C1255,88.0,1,0,0,916.0,0.3333333333333333,39.0,Low,2
C1260,116.0,1,0,0,504.0,0.3333333333333333,42.0,Medium,2
C1262,63.0,1,0,0,727.0,0.3333333333333333,19.0,Low,2
C1301,69.0,1,1,1,584.0,0.3333333333333333,56.00000000000001,Medium,2
C1302,52.0,1,0,0,1074.0,0.3333333333333333,53.0,Medium,0
C1345,71.0,1,0,0,497.0,0.3333333333333333,33.0,Low,2
C1364,97.0,1,0,0,989.0,0.3333333333333333,45.0,Medium,2
C1384,37.0,1,0,0,276.0,0.3333333333333333,36.0,Low,2
C1391,82.0,1,0,1,1891.0,0.3333333333333333,59.0,Medium,0
C1395,74.0,1,0,0,1037.0,0.3333333333333333,94.0,High,0
C1404,63.0,1,1,0,1422.0,0.3333333333333333,37.0,Low,0
C1412,63.0,1,0,0,1329.0,0.3333333333333333,65.0,Medium,0
C1417,79.0,1,1,0,1120.0,0.3333333333333333,49.0,Medium,2
C1419,49.0,1,0,1,986.0,0.3333333333333333,38.0,Low,0
C1466,53.0,1,1,0,303.0,0.3333333333333333,62.0,Medium,2
C1502,111.0,1,0,0,1573.0,0.3333333333333333,39.0,Low,0
C1504,118.0,1,0,0,1124.0,0.3333333333333333,15.0,Low,0
C1512,68.0,1,0,0,1843.0,0.3333333333333333,61.0,Medium,0
C1523,88.0,1,1,1,951.0,0.3333333333333333,26.0,Low,2
C1536,42.0,1,0,0,757.0,0.3333333333333333,28.000000000000004,Low,2
C1537,31.0,1,0,1,889.0,0.3333333333333333,71.0,High,0
C1539,41.0,1,0,1,523.0,0.3333333333333333,56.99999999999999,Medium,2
C1559,59.0,1,1,1,1967.0,0.3333333333333333,39.0,Low,0
C1569,86.0,1,0,1,1183.0,0.3333333333333333,61.0,Medium,0
C1574,102.0,1,0,0,1466.0,0.3333333333333333,62.0,Medium,0
C1580,30.0,1,1,0,1450.0,0.3333333333333333,80.0,High,0
C1600,98.0,1,0,1,774.0,0.3333333333333333,63.0,Medium,2
C1606,41.0,1,1,0,1207.0,0.3333333333333333,60.0,Medium,0
C1635,112.0,1,1,0,1394.0,0.3333333333333333,79.0,High,0
C1638,39.0,1,0,0,1425.0,0.3333333333333333,39.0,Low,0
C1659,39.0,1,0,1,1072.0,0.3333333333333333,36.0,Low,0
C1663,101.0,1,1,0,1548.0,0.3333333333333333,50.0,Medium,0
C1666,42.0,1,0,0,1255.0,0.3333333333333333,72.0,High,0
C1667,79.0,1,0,1,1604.0,0.3333333333333333,34.0,Low,0
C1671,87.0,1,0,0,1811.0,0.3333333333333333,27.0,Low,0
C1688,35.0,1,1,0,1547.0,0.3333333333333333,66.0,Medium,0
C1698,76.0,2,1,2,1197.5,0.6666666666666666,27.0,Low,1
C1699,57.0,1,0,0,1761.0,0.3333333333333333,67.0,Medium,0
C1716,113.0,1,1,1,351.0,0.3333333333333333,38.0,Low,2
C1717,105.0,1,0,0,1031.0,0.3333333333333333,28.000000000000004,Low,2
C1728,83.5,2,1,0,1267.0,0.6666666666666666,5.0,Low,1
C1760,33.0,1,0,0,1816.0,0.3333333333333333,22.0,Low,0
C1768,83.0,1,1,0,948.0,0.3333333333333333,39.0,Low,2
C1769,40.0,1,0,0,1800.0,0.3333333333333333,52.0,Medium,0
C1770,71.0,1,1,0,1931.0,0.3333333333333333,39.0,Low,0
C1775,86.0,1,0,1,126.0,0.3333333333333333,11.0,Low,2
C1784,62.0,1,1,0,1639.0,0.3333333333333333,44.0,Medium,0
C1793,53.0,1,0,0,899.0,0.3333333333333333,50.0,Medium,0
C1814,95.0,1,1,0,1251.0,0.3333333333333333,41.0,Medium,2
C1823,45.0,1,0,0,1221.0,0.3333333333333333,43.0,Medium,0
C1825,34.0,1,0,0,1953.0,0.3333333333333333,46.0,Medium,0
C1827,104.0,1,0,0,286.0,0.3333333333333333,85.0,High,2
C1830,110.0,1,0,0,1648.0,0.3333333333333333,35.0,Low,0
C1846,92.0,1,1,0,1687.0,0.3333333333333333,0.0,Low,0
C1851,58.0,1,1,1,1674.0,0.3333333333333333,34.0,Low,0
C1853,93.0,1,1,0,1235.0,0.3333333333333333,55.00000000000001,Medium,2
C1854,107.0,1,1,0,1849.0,0.3333333333333333,62.0,Medium,0
C1860,35.0,1,1,0,986.0,0.3333333333333333,72.0,High,2
C1863,46.0,1,0,0,1093.0,0.3333333333333333,71.0,High,0
C1876,91.0,2,1,1,835.5,0.6666666666666666,39.0,Low,1
C1878,41.0,1,1,0,1016.0,0.3333333333333333,48.0,Medium,2
C1918,67.0,1,0,0,1426.0,0.3333333333333333,70.0,High,0
C1922,84.0,1,1,0,655.0,0.3333333333333333,56.00000000000001,Medium,2
C1924,90.0,1,0,0,1835.0,0.3333333333333333,27.0,Low,0
C1928,73.0,1,0,0,1843.0,0.3333333333333333,66.0,Medium,0
C1950,97.0,1,0,0,674.0,0.3333333333333333,56.00000000000001,Medium,2
C1951,100.0,1,1,0,934.0,0.3333333333333333,79.0,High,2
C1953,38.0,1,1,0,1409.0,0.3333333333333333,18.0,Low,0
C1956,55.0,1,0,0,1346.0,0.3333333333333333,33.0,Low,0
C1966,81.0,1,0,1,1741.0,0.3333333333333333,40.0,Medium,0
C1980,110.0,1,0,1,1419.0,0.3333333333333333,39.0,Low,0
C1984,97.0,1,0,0,1959.0,0.3333333333333333,23.0,Low,0
C1995,117.0,1,0,0,450.0,0.3333333333333333,45.0,Medium,2
C2015,118.0,1,1,0,372.0,0.3333333333333333,52.0,Medium,2
C2016,65.0,1,1,0,1523.0,0.3333333333333333,60.0,Medium,0
C2021,113.0,1,1,0,579.0,0.3333333333333333,59.0,Medium,2
C2028,99.0,1,1,0,118.0,0.3333333333333333,36.0,Low,2
C2045,110.0,1,0,0,1391.0,0.3333333333333333,28.999999999999996,Low,0
C2059,117.0,1,0,0,269.0,0.3333333333333333,34.0,Low,2
C2060,63.0,1,0,1,1027.0,0.3333333333333333,34.0,Low,0
C2062,52.5,2,2,0,1352.5,0.6666666666666666,46.0,Medium,1
C2063,68.0,1,1,1,992.0,0.3333333333333333,36.0,Low,2
C2065,89.0,1,0,0,1183.0,0.3333333333333333,45.0,Medium,0
C2066,81.0,1,0,1,1857.0,0.3333333333333333,27.0,Low,0
C2069,115.0,1,0,0,827.0,0.3333333333333333,65.0,Medium,2
C2077,34.0,1,0,0,546.0,0.3333333333333333,34.0,Low,2
C2081,77.0,1,1,0,944.0,0.3333333333333333,37.0,Low,2
C2120,46.0,1,0,1,118.0,0.3333333333333333,25.0,Low,2
C2122,62.0,1,0,0,1922.0,0.3333333333333333,56.99999999999999,Medium,0
C2148,100.0,1,1,0,1268.0,0.3333333333333333,52.0,Medium,2
C2150,65.0,1,0,0,1341.0,0.3333333333333333,75.0,High,0
C2154,48.0,1,1,1,1051.0,0.3333333333333333,55.00000000000001,Medium,2
C2167,63.0,1,1,1,414.0,0.3333333333333333,43.0,Medium,2
C2184,88.5,2,0,2,583.0,0.6666666666666666,10.0,Low,1
C2191,37.0,1,0,0,1856.0,0.3333333333333333,68.0,Medium,0
C2202,61.0,1,0,0,1511.0,0.3333333333333333,56.00000000000001,Medium,0
C2205,91.0,1,0,0,552.0,0.3333333333333333,73.0,High,2
C2214,62.0,1,0,1,1167.0,0.3333333333333333,70.0,High,0
C2218,84.0,1,1,0,465.0,0.3333333333333333,88.0,High,2
C2248,48.0,1,0,1,1085.0,0.3333333333333333,63.0,Medium,0
C2252,114.0,1,0,0,236.0,0.3333333333333333,62.0,Medium,2
C2256,61.0,1,0,1,171.0,0.3333333333333333,25.0,Low,2
C2267,55.0,1,1,0,1867.0,0.3333333333333333,40.0,Medium,0
C2276,88.0,1,0,1,977.0,0.3333333333333333,77.0,High,2
C2291,116.0,1,0,0,932.0,0.3333333333333333,57.99999999999999,Medium,2
C2296,41.0,1,0,0,602.0,0.3333333333333333,30.0,Low,2
C2306,94.0,1,0,0,793.0,0.3333333333333333,61.0,Medium,2
C2324,92.0,1,0,1,1590.0,0.3333333333333333,40.0,Medium,0
C2331,59.0,1,0,1,636.0,0.3333333333333333,33.0,Low,2
C2342,89.0,1,1,1,801.0,0.3333333333333333,6.0,Low,2
C2353,31.0,1,0,1,714.0,0.3333333333333333,36.0,Low,2
C2365,89.0,2,0,1,623.5,0.6666666666666666,28.000000000000004,Low,1
C2409,101.0,1,0,0,1209.0,0.3333333333333333,37.0,Low,0
C2460,79.0,2,1,1,662.5,0.6666666666666666,3.0,Low,1
C2484,102.0,1,0,0,750.0,0.3333333333333333,67.0,Medium,2
C2495,51.0,1,0,0,956.0,0.3333333333333333,46.0,Medium,0
C2528,37.0,1,0,0,1890.0,0.3333333333333333,72.0,High,0
C2531,85.0,2,1,0,799.0,0.6666666666666666,65.0,Medium,1
C2540,75.0,1,0,1,880.0,0.3333333333333333,24.0,Low,2
C2542,107.0,1,1,0,707.0,0.3333333333333333,41.0,Medium,2
C2571,73.0,1,1,0,1378.0,0.3333333333333333,68.0,Medium,0
C2581,41.0,1,0,0,1356.0,0.3333333333333333,72.0,High,0
C2585,90.0,1,1,0,398.0,0.3333333333333333,33.0,Low,2
C2604,39.0,1,1,0,756.0,0.3333333333333333,48.0,Medium,2
C2605,69.0,1,1,1,1902.0,0.3333333333333333,48.0,Medium,0
C2619,106.0,1,1,0,1331.0,0.3333333333333333,36.0,Low,0
C2625,77.0,1,0,0,981.0,0.3333333333333333,91.0,High,0
C2633,69.0,1,1,1,1703.0,0.3333333333333333,24.0,Low,0
C2636,31.0,1,1,1,292.0,0.3333333333333333,45.0,Medium,2
C2645,101.0,1,1,1,300.0,0.3333333333333333,85.0,High,2
C2646,97.0,1,0,1,1487.0,0.3333333333333333,34.0,Low,0
C2648,107.0,1,0,0,1338.0,0.3333333333333333,36.0,Low,0
C2663,94.0,1,0,0,1013.0,0.3333333333333333,34.0,Low,2
C2664,115.0,1,1,0,1205.0,0.3333333333333333,59.0,Medium,2
C2678,57.0,1,1,1,1685.0,0.3333333333333333,44.0,Medium,0
C2679,38.0,1,1,1,1011.0,0.3333333333333333,38.0,Low,2
C2685,79.0,1,0,0,868.0,0.3333333333333333,59.0,Medium,2
C2686,69.0,1,1,0,1136.0,0.3333333333333333,70.0,High,2
C2687,48.0,1,0,1,1195.0,0.3333333333333333,42.0,Medium,0
C2693,39.5,2,1,1,1419.0,0.6666666666666666,46.0,Medium,1
C2707,75.0,1,0,0,1557.0,0.3333333333333333,39.0,Low,0
C2733,107.0,1,0,0,129.0,0.3333333333333333,42.0,Medium,2
C2734,42.0,1,0,1,1561.0,0.3333333333333333,0.0,Low,0
C2757,44.0,1,0,0,1000.0,0.3333333333333333,46.0,Medium,0
C2759,75.0,1,0,0,723.0,0.3333333333333333,30.0,Low,2
C2761,39.0,1,0,0,1572.0,0.3333333333333333,63.0,Medium,0
C2792,46.0,1,1,0,891.0,0.3333333333333333,45.0,Medium,2
C2802,50.0,1,1,0,395.0,0.3333333333333333,57.99999999999999,Medium,2
C2810,58.0,1,0,0,1303.0,0.3333333333333333,67.0,Medium,0
C2816,110.0,1,0,0,1216.0,0.3333333333333333,71.0,High,0
C2828,100.0,1,0,0,484.0,0.3333333333333333,48.0,Medium,2
C2838,54.0,1,0,0,1238.0,0.3333333333333333,22.0,Low,0
C2841,59.0,1,1,0,130.0,0.3333333333333333,43.0,Medium,2
C2843,102.0,1,0,0,1661.0,0.3333333333333333,56.99999999999999,Medium,0
C2852,85.0,1,0,0,1360.0,0.3333333333333333,47.0,Medium,0
C2853,49.0,1,1,0,1017.0,0.3333333333333333,47.0,Medium,2
C2854,34.0,1,1,0,1899.0,0.3333333333333333,34.0,Low,0
C2865,39.0,1,0,0,518.0,0.3333333333333333,37.0,Low,2
C2887,46.0,1,1,1,239.0,0.3333333333333333,80.0,High,2
C2895,66.0,1,0,0,138.0,0.3333333333333333,80.0,High,2
C2899,35.0,1,0,0,1822.0,0.3333333333333333,49.0,Medium,0
C2906,85.0,2,1,0,1117.0,0.6666666666666666,0.0,Low,1
C2908,114.0,1,0,0,948.0,0.3333333333333333,86.0,High,2
C2917,63.0,1,1,0,1956.0,0.3333333333333333,33.0,Low,0
C2930,62.0,1,1,0,1279.0,0.3333333333333333,50.0,Medium,0
C2931,54.0,1,0,0,1080.0,0.3333333333333333,34.0,Low,0
C2959,77.0,1,1,0,1934.0,0.3333333333333333,23.0,Low,0
C2970,31.0,1,0,0,1571.0,0.3333333333333333,92.0,High,0
C2976,42.0,1,0,0,1835.0,0.3333333333333333,44.0,Medium,0
C2986,53.0,1,0,0,841.0,0.3333333333333333,15.0,Low,2
C2990,42.0,1,1,0,449.0,0.3333333333333333,32.0,Low,2
C2994,47.0,1,1,1,628.0,0.3333333333333333,43.0,Medium,2
C2997,37.0,1,1,0,489.0,0.3333333333333333,78.0,High,2
C2998,118.0,1,1,1,670.0,0.3333333333333333,23.0,Low,2
C3000,89.0,1,0,1,157.0,0.3333333333333333,21.0,Low,2
C3026,52.0,1,0,0,1613.0,0.3333333333333333,23.0,Low,0
C3027,116.0,1,1,1,1556.0,0.3333333333333333,40.0,Medium,0
C3047,106.0,1,0,1,789.0,0.3333333333333333,38.0,Low,2
C3048,67.5,2,1,0,959.0,0.6666666666666666,0.0,Low,1
C3049,93.0,1,0,0,1041.0,0.3333333333333333,33.0,Low,0
C3060,87.0,1,1,0,777.0,0.3333333333333333,62.0,Medium,2
C3062,109.0,1,1,0,265.0,0.3333333333333333,36.0,Low,2
C3065,105.0,1,0,0,1575.0,0.3333333333333333,28.000000000000004,Low,0
C3079,43.0,1,1,0,1774.0,0.3333333333333333,41.0,Medium,0
C3082,112.0,1,1,0,819.0,0.3333333333333333,10.0,Low,2
C3105,118.0,1,0,0,1906.0,0.3333333333333333,63.0,Medium,0
C3116,32.0,1,0,0,1287.0,0.3333333333333333,67.0,Medium,0
C3125,116.0,1,0,0,988.0,0.3333333333333333,62.0,Medium,2
C3136,79.0,1,1,0,105.0,0.3333333333333333,77.0,High,2
C3141,83.0,1,0,0,444.0,0.3333333333333333,0.0,Low,2
C3143,36.0,1,0,1,407.0,0.3333333333333333,51.0,Medium,2
C3156,95.0,1,0,0,1234.0,0.3333333333333333,61.0,Medium,0
C3180,74.0,1,0,0,1101.0,0.3333333333333333,41.0,Medium,0
C3190,117.0,1,0,0,125.0,0.3333333333333333,53.0,Medium,2
C3192,73.0,1,0,1,1128.0,0.3333333333333333,50.0,Medium,0
C3193,52.0,1,0,1,1129.0,0.3333333333333333,55.00000000000001,Medium,0
C3200,52.0,1,0,0,311.0,0.3333333333333333,49.0,Medium,2
C3204,110.0,1,0,0,1522.0,0.3333333333333333,44.0,Medium,0
C3205,51.0,1,0,0,1481.0,0.3333333333333333,70.0,High,0
C3219,94.0,1,1,1,1332.0,0.3333333333333333,48.0,Medium,0
C3243,52.0,1,0,0,1103.0,0.3333333333333333,60.0,Medium,0
C3255,35.0,1,0,1,1362.0,0.3333333333333333,48.0,Medium,0
C3327,95.5,2,0,1,1041.0,0.6666666666666666,21.0,Low,1
C3336,34.0,1,0,1,1614.0,0.3333333333333333,15.0,Low,0
C3368,53.0,1,0,0,291.0,0.3333333333333333,98.0,High,2
C3371,56.0,1,1,1,480.0,0.3333333333333333,25.0,Low,2
C3385,89.0,1,1,0,1131.0,0.3333333333333333,70.0,High,2
C3393,98.0,1,0,0,1556.0,0.3333333333333333,69.0,Medium,0
C3427,37.0,1,0,0,944.0,0.3333333333333333,33.0,Low,0
C3433,100.0,1,0,1,633.0,0.3333333333333333,44.0,Medium,2
C3443,71.0,1,1,0,562.0,0.3333333333333333,56.99999999999999,Medium,2
C3454,104.0,1,0,0,237.0,0.3333333333333333,27.0,Low,2
C3472,55.0,1,0,0,1694.0,0.3333333333333333,67.0,Medium,0
C3479,41.0,1,0,1,929.0,0.3333333333333333,25.0,Low,0
C3482,103.0,1,0,0,475.0,0.3333333333333333,18.0,Low,2
C3489,43.0,1,0,0,287.0,0.3333333333333333,60.0,Medium,2
C3491,42.0,1,1,0,924.0,0.3333333333333333,39.0,Low,2
C3502,80.0,1,0,1,436.0,0.3333333333333333,34.0,Low,2
C3504,107.0,1,0,0,1199.0,0.3333333333333333,52.0,Medium,0
C3511,112.0,1,0,0,112.0,0.3333333333333333,42.0,Medium,2
C3539,117.0,1,0,1,970.0,0.3333333333333333,28.000000000000004,Low,2
C3551,42.0,1,0,1,773.0,0.3333333333333333,38.0,Low,2
C3557,58.0,1,0,0,1196.0,0.3333333333333333,59.0,Medium,0
C3558,44.0,1,1,0,1243.0,0.3333333333333333,62.0,Medium,0
C3560,97.0,1,0,0,465.0,0.3333333333333333,76.0,High,2
C3568,97.0,1,0,0,1019.0,0.3333333333333333,33.0,Low,2
C3590,116.0,1,0,0,1568.0,0.3333333333333333,28.000000000000004,Low,0
C3593,116.0,1,0,1,727.0,0.3333333333333333,62.0,Medium,2
C3612,64.0,1,0,1,1305.0,0.3333333333333333,45.0,Medium,0
C3635,52.0,1,0,1,873.0,0.3333333333333333,24.0,Low,2
C3645,75.0,1,1,0,518.0,0.3333333333333333,53.0,Medium,2
C3674,103.0,1,0,1,1188.0,0.3333333333333333,59.0,Medium,0
C3681,92.0,1,0,0,1461.0,0.3333333333333333,28.999999999999996,Low,0
C3693,74.0,1,1,0,1838.0,0.3333333333333333,19.0,Low,0
C3695,82.0,1,1,0,1091.0,0.3333333333333333,65.0,Medium,2
C3703,50.0,1,0,0,1165.0,0.3333333333333333,2.0,Low,0
C3708,49.0,1,0,0,202.0,0.3333333333333333,47.0,Medium,2
C3712,91.0,1,0,1,1938.0,0.3333333333333333,43.0,Medium,0
C3713,33.0,1,1,0,105.0,0.3333333333333333,61.0,Medium,2
C3717,107.0,1,1,0,910.0,0.3333333333333333,33.0,Low,2
C3731,70.0,1,1,0,636.0,0.3333333333333333,60.0,Medium,2
C3733,106.0,1,0,0,1663.0,0.3333333333333333,52.0,Medium,0
C3734,91.0,1,1,1,1340.0,0.3333333333333333,93.0,High,0
C3738,82.0,1,1,0,585.0,0.3333333333333333,47.0,Medium,2
C3739,63.0,1,1,0,851.0,0.3333333333333333,51.0,Medium,2
C3744,114.0,1,0,0,1831.0,0.3333333333333333,26.0,Low,0
C3745,58.0,1,0,0,1848.0,0.3333333333333333,42.0,Medium,0
C3747,80.0,1,1,0,1811.0,0.3333333333333333,57.99999999999999,Medium,0
C3779,118.0,1,1,1,921.0,0.3333333333333333,30.0,Low,2
C3782,85.0,1,0,0,580.0,0.3333333333333333,56.00000000000001,Medium,2
C3786,73.0,1,0,0,926.0,0.3333333333333333,56.99999999999999,Medium,2
C3790,92.0,1,0,1,794.0,0.3333333333333333,30.0,Low,2
C3797,91.0,1,0,0,570.0,0.3333333333333333,86.0,High,2
C3806,50.0,1,1,0,1594.0,0.3333333333333333,62.0,Medium,0
C3811,44.0,1,0,0,1957.0,0.3333333333333333,41.0,Medium,0
C3814,54.0,1,1,0,1615.0,0.3333333333333333,38.0,Low,0
C3824,53.0,1,0,0,1908.0,0.3333333333333333,41.0,Medium,0
C3832,45.5,2,1,0,1884.0,0.6666666666666666,46.0,Medium,1
C3838,96.0,1,0,0,759.0,0.3333333333333333,44.0,Medium,2
C3839,92.0,1,0,1,369.0,0.3333333333333333,24.0,Low,2
C3849,34.0,1,0,0,1078.0,0.3333333333333333,39.0,Low,0
C3869,57.0,1,0,0,1874.0,0.3333333333333333,53.0,Medium,0
C3871,67.0,1,0,0,1186.0,0.3333333333333333,21.0,Low,0
C3872,82.0,1,0,0,1680.0,0.3333333333333333,77.0,High,0
C3878,30.0,1,1,1,393.0,0.3333333333333333,37.0,Low,2
C3891,47.0,1,0,0,244.0,0.3333333333333333,38.0,Low,2
C3898,31.0,1,0,0,368.0,0.3333333333333333,47.0,Medium,2
C3911,33.0,1,1,1,1927.0,0.3333333333333333,69.0,Medium,0
C3914,99.0,1,0,0,861.0,0.3333333333333333,72.0,High,2
C3923,47.0,1,1,0,1487.0,0.3333333333333333,73.0,High,0
C3931,55.0,1,1,0,631.0,0.3333333333333333,72.0,High,2
C3950,80.0,1,1,0,195.0,0.3333333333333333,57.99999999999999,Medium,2
C3961,111.0,1,0,0,1928.0,0.3333333333333333,38.0,Low,0
C3967,107.0,1,0,0,1300.0,0.3333333333333333,36.0,Low,0
C3975,119.0,1,1,1,335.0,0.3333333333333333,32.0,Low,2
C3976,66.0,1,0,1,975.0,0.3333333333333333,35.0,Low,0
C4005,114.0,1,1,0,155.0,0.3333333333333333,83.0,High,2
C4009,89.0,1,1,1,135.0,0.3333333333333333,73.0,High,2
C4030,94.0,1,0,1,1610.0,0.3333333333333333,15.0,Low,0
C4051,52.0,1,0,1,280.0,0.3333333333333333,30.0,Low,2
C4072,39.0,2,0,1,1439.0,0.6666666666666666,47.0,Medium,1
C4073,82.0,1,0,0,1214.0,0.3333333333333333,68.0,Medium,0
C4086,49.0,1,0,1,1365.0,0.3333333333333333,87.0,High,0
C4099,36.0,1,0,1,614.0,0.3333333333333333,40.0,Medium,2
C4104,98.0,1,0,1,1976.0,0.3333333333333333,43.0,Medium,0
C4108,39.0,1,0,0,618.0,0.3333333333333333,64.0,Medium,2
C4124,114.0,1,0,0,1562.0,0.3333333333333333,26.0,Low,0
C4141,101.0,1,0,0,727.0,0.3333333333333333,59.0,Medium,2
C4147,114.0,1,1,0,147.0,0.3333333333333333,52.0,Medium,2
C4152,76.0,1,1,1,1775.0,0.3333333333333333,56.00000000000001,Medium,0
C4157,74.0,1,0,1,1801.0,0.3333333333333333,56.00000000000001,Medium,0
C4170,71.5,2,1,1,1491.0,0.6666666666666666,53.0,Medium,1
C4177,50.0,2,0,0,1008.0,0.6666666666666666,40.0,Medium,1
C4228,77.0,1,0,1,1995.0,0.3333333333333333,31.0,Low,0
C4242,32.0,1,0,0,1881.0,0.3333333333333333,54.0,Medium,0
C4266,69.0,1,1,1,1594.0,0.3333333333333333,55.00000000000001,Medium,0
C4267,43.0,1,0,1,171.0,0.3333333333333333,22.0,Low,2
C4304,44.0,1,0,1,1100.0,0.3333333333333333,40.0,Medium,0
C4324,48.0,1,1,1,1494.0,0.3333333333333333,64.0,Medium,0
C4327,101.0,1,1,0,209.0,0.3333333333333333,48.0,Medium,2
C4330,116.0,1,1,0,1355.0,0.3333333333333333,39.0,Low,0
C4335,53.0,1,0,0,1657.0,0.3333333333333333,40.0,Medium,0
C4343,51.0,1,1,0,1334.0,0.3333333333333333,49.0,Medium,0
C4345,55.0,1,1,0,825.0,0.3333333333333333,28.999999999999996,Low,2
C4354,106.0,1,0,0,1024.0,0.3333333333333333,41.0,Medium,2
C4368,107.0,1,1,0,857.0,0.3333333333333333,37.0,Low,2
C4373,30.0,1,0,0,857.0,0.3333333333333333,68.0,Medium,0
C4374,118.0,1,1,0,1022.0,0.3333333333333333,57.99999999999999,Medium,2
C4376,38.0,1,0,0,1790.0,0.3333333333333333,55.00000000000001,Medium,0
C4385,50.0,1,1,1,1714.0,0.3333333333333333,50.0,Medium,0
C4391,99.0,1,0,0,1362.0,0.3333333333333333,44.0,Medium,0
C4394,113.0,1,0,1,291.0,0.3333333333333333,37.0,Low,2
C4417,110.0,1,0,0,258.0,0.3333333333333333,62.0,Medium,2
C4419,36.0,1,1,0,895.0,0.3333333333333333,56.99999999999999,Medium,2
C4420,71.0,1,0,1,882.0,0.3333333333333333,37.0,Low,2
C4432,57.0,1,1,0,1906.0,0.3333333333333333,35.0,Low,0
C4436,116.0,1,0,0,1187.0,0.3333333333333333,55.00000000000001,Medium,0
C4440,68.0,1,0,1,386.0,0.3333333333333333,61.0,Medium,2
C4444,68.0,1,1,1,1005.0,0.3333333333333333,20.0,Low,2
C4446,57.0,1,0,0,1754.0,0.3333333333333333,20.0,Low,0
C4472,40.0,1,0,0,1133.0,0.3333333333333333,17.0,Low,0
C4476,71.0,1,1,1,270.0,0.3333333333333333,47.0,Medium,2
C4486,79.0,2,2,1,1357.5,0.6666666666666666,12.0,Low,1
C4490,50.0,1,1,1,701.0,0.3333333333333333,65.0,Medium,2
C4506,46.0,1,0,0,1562.0,0.3333333333333333,42.0,Medium,0
C4507,119.0,1,1,0,1436.0,0.3333333333333333,28.000000000000004,Low,0
C4510,32.0,1,1,0,474.0,0.3333333333333333,67.0,Medium,2
C4517,52.0,1,1,0,816.0,0.3333333333333333,88.0,High,2
C4530,89.0,1,1,0,689.0,0.3333333333333333,28.999999999999996,Low,2
C4531,71.0,1,0,0,1843.0,0.3333333333333333,60.0,Medium,0
C4556,102.0,1,0,1,554.0,0.3333333333333333,17.0,Low,2
C4561,81.0,1,0,0,1565.0,0.3333333333333333,8.0,Low,0
C4572,70.0,1,0,0,593.0,0.3333333333333333,48.0,Medium,2
C4579,107.0,1,0,0,251.0,0.3333333333333333,51.0,Medium,2
C4581,82.0,1,0,0,1187.0,0.3333333333333333,30.0,Low,0
C4584,107.0,1,1,1,1444.0,0.3333333333333333,54.0,Medium,0
C4596,51.0,1,1,0,1816.0,0.3333333333333333,74.0,High,0
C4600,85.0,1,0,1,1505.0,0.3333333333333333,28.999999999999996,Low,0
C4627,74.0,2,2,0,313.0,0.6666666666666666,52.0,Medium,1
C4636,55.5,2,0,0,1487.5,0.6666666666666666,46.0,Medium,1
C4644,56.0,1,0,0,1266.0,0.3333333333333333,37.0,Low,0
C4672,60.0,1,0,0,1551.0,0.3333333333333333,36.0,Low,0
C4687,84.0,1,0,0,809.0,0.3333333333333333,39.0,Low,2
C4696,87.0,1,0,0,1778.0,0.3333333333333333,70.0,High,0
C4701,41.0,1,1,0,556.0,0.3333333333333333,38.0,Low,2
C4709,104.0,1,0,0,1948.0,0.3333333333333333,88.0,High,0
C4719,58.5,2,0,0,1136.0,0.6666666666666666,22.0,Low,1
C4735,91.0,1,1,0,990.0,0.3333333333333333,63.0,Medium,2
C4744,108.0,1,0,1,793.0,0.3333333333333333,66.0,Medium,2
C4748,39.0,1,0,0,1466.0,0.3333333333333333,49.0,Medium,0
C4756,89.0,1,0,1,1450.0,0.3333333333333333,44.0,Medium,0
C4763,85.0,1,0,0,1305.0,0.3333333333333333,45.0,Medium,0
C4766,53.0,1,0,0,865.0,0.3333333333333333,20.0,Low,0
C4769,101.0,1,0,0,1569.0,0.3333333333333333,75.0,High,0
C4775,79.0,1,0,0,489.0,0.3333333333333333,9.0,Low,2
C4797,69.0,1,1,0,235.0,0.3333333333333333,39.0,Low,2
C4812,84.0,1,1,0,1823.0,0.3333333333333333,14.000000000000002,Low,0
C4818,58.0,1,0,0,1286.0,0.3333333333333333,55.00000000000001,Medium,0
C4840,50.0,1,0,1,482.0,0.3333333333333333,20.0,Low,2
C4843,63.0,1,1,0,672.0,0.3333333333333333,66.0,Medium,2
C4854,37.0,1,0,1,1613.0,0.3333333333333333,38.0,Low,0
C4863,93.0,1,0,1,1172.0,0.3333333333333333,46.0,Medium,0
C4876,118.0,1,0,0,1511.0,0.3333333333333333,43.0,Medium,0
C4890,33.0,1,0,0,203.0,0.3333333333333333,51.0,Medium,2
C4900,99.0,1,0,0,769.0,0.3333333333333333,50.0,Medium,2
C4913,61.0,1,0,0,152.0,0.3333333333333333,55.00000000000001,Medium,2
C4925,35.0,1,1,0,1673.0,0.3333333333333333,50.0,Medium,0
C4943,43.0,1,0,0,1056.0,0.3333333333333333,48.0,Medium,0
C4974,49.0,1,0,1,346.0,0.3333333333333333,60.0,Medium,2
C4987,96.0,1,0,0,984.0,0.3333333333333333,53.0,Medium,2
C5000,66.5,2,0,0,1581.0,0.6666666666666666,34.0,Low,1
C5014,115.0,1,0,0,736.0,0.3333333333333333,39.0,Low,2
C5018,76.0,1,0,0,670.0,0.3333333333333333,43.0,Medium,2
C5021,53.0,1,1,1,682.0,0.3333333333333333,63.0,Medium,2
C5033,88.0,1,0,0,1655.0,0.3333333333333333,43.0,Medium,0
C5061,107.0,1,1,0,439.0,0.3333333333333333,32.0,Low,2
C5070,50.0,1,0,0,543.0,0.3333333333333333,33.0,Low,2
C5079,62.0,1,1,0,448.0,0.3333333333333333,21.0,Low,2
C5107,113.0,1,1,1,1766.0,0.3333333333333333,65.0,Medium,0
C5142,81.0,1,0,0,629.0,0.3333333333333333,27.0,Low,2
C5143,42.0,1,1,1,1888.0,0.3333333333333333,76.0,High,0
C5146,78.0,2,1,0,1680.5,0.6666666666666666,4.0,Low,1
C5158,42.0,1,0,0,1151.0,0.3333333333333333,13.0,Low,0
C5164,73.0,1,0,0,1318.0,0.3333333333333333,50.0,Medium,0
C5171,117.0,1,0,0,599.0,0.3333333333333333,11.0,Low,2
C5175,97.0,1,1,0,1116.0,0.3333333333333333,42.0,Medium,2
C5178,84.0,1,1,0,1351.0,0.3333333333333333,70.0,High,0
C5186,106.0,1,1,0,664.0,0.3333333333333333,41.0,Medium,2
C5188,81.0,1,1,0,186.0,0.3333333333333333,25.0,Low,2
C5199,96.0,1,1,0,1379.0,0.3333333333333333,18.0,Low,0
C5206,96.0,1,1,0,969.0,0.3333333333333333,28.000000000000004,Low,2
C5208,72.0,1,0,1,377.0,0.3333333333333333,44.0,Medium,2
C5212,80.0,1,0,0,897.0,0.3333333333333333,52.0,Medium,2
C5218,81.0,1,0,0,1166.0,0.3333333333333333,28.000000000000004,Low,0
C5225,103.0,1,1,1,462.0,0.3333333333333333,53.0,Medium,2
C5227,99.0,1,0,0,1115.0,0.3333333333333333,27.0,Low,0
C5234,77.0,1,0,0,860.0,0.3333333333333333,14.000000000000002,Low,2
C5243,56.0,1,0,1,707.0,0.3333333333333333,53.0,Medium,2
C5249,75.0,1,1,0,1141.0,0.3333333333333333,24.0,Low,2
C5261,49.0,1,1,0,1634.0,0.3333333333333333,67.0,Medium,0
C5268,34.0,1,0,1,1815.0,0.3333333333333333,38.0,Low,0
C5282,96.0,1,1,1,1217.0,0.3333333333333333,65.0,Medium,2
C5289,38.0,1,0,1,642.0,0.3333333333333333,46.0,Medium,2
C5297,59.0,1,1,0,1798.0,0.3333333333333333,31.0,Low,0
C5300,64.0,1,0,1,1236.0,0.3333333333333333,55.00000000000001,Medium,0
C5312,114.0,1,0,0,1035.0,0.3333333333333333,0.0,Low,2
C5324,44.0,1,0,0,1561.0,0.3333333333333333,51.0,Medium,0
C5330,66.0,1,1,1,986.0,0.3333333333333333,23.0,Low,2
C5360,82.0,1,0,0,816.0,0.3333333333333333,41.0,Medium,2
C5363,115.0,1,0,0,708.0,0.3333333333333333,27.0,Low,2
C5380,106.5,2,0,1,1375.5,0.6666666666666666,41.0,Medium,1
C5389,63.0,1,1,1,879.0,0.3333333333333333,16.0,Low,2
C5413,59.0,1,0,0,1768.0,0.3333333333333333,66.0,Medium,0
C5422,96.0,1,1,0,1129.0,0.3333333333333333,49.0,Medium,2
C5426,110.0,1,1,0,260.0,0.3333333333333333,28.999999999999996,Low,2
C5432,99.0,1,0,0,349.0,0.3333333333333333,47.0,Medium,2
C5433,112.0,1,0,0,564.0,0.3333333333333333,31.0,Low,2
C5451,34.0,1,1,0,1313.0,0.3333333333333333,65.0,Medium,0
C5452,82.0,1,0,1,948.0,0.3333333333333333,51.0,Medium,2
C5465,76.0,1,0,0,205.0,0.3333333333333333,20.0,Low,2
C5468,77.0,1,0,0,515.0,0.3333333333333333,25.0,Low,2
C5488,113.0,1,0,1,1038.0,0.3333333333333333,56.99999999999999,Medium,2
C5491,106.0,1,0,0,208.0,0.3333333333333333,48.0,Medium,2
C5492,109.0,1,0,0,624.0,0.3333333333333333,73.0,High,2
C5493,84.0,1,1,0,1330.0,0.3333333333333333,22.0,Low,0
C5495,42.0,1,1,0,1547.0,0.3333333333333333,59.0,Medium,0
C5496,109.0,1,1,0,375.0,0.3333333333333333,33.0,Low,2
C5499,88.0,1,1,0,1043.0,0.3333333333333333,55.00000000000001,Medium,2
C5524,32.0,1,1,0,1524.0,0.3333333333333333,36.0,Low,0
C5530,51.0,1,1,0,283.0,0.3333333333333333,27.0,Low,2
C5544,116.0,1,0,0,1995.0,0.3333333333333333,41.0,Medium,0
C5548,45.0,1,0,1,1870.0,0.3333333333333333,53.0,Medium,0
C5555,94.5,2,1,0,1832.0,0.6666666666666666,74.0,High,1
C5611,73.0,1,1,1,1981.0,0.3333333333333333,54.0,Medium,0
C5612,81.0,1,1,0,1460.0,0.3333333333333333,56.00000000000001,Medium,0
C5621,112.0,1,1,0,724.0,0.3333333333333333,32.0,Low,2
C5632,37.0,1,0,0,104.0,0.3333333333333333,51.0,Medium,2
C5636,33.0,1,0,0,1236.0,0.3333333333333333,35.0,Low,0
C5637,106.0,1,0,0,1373.0,0.3333333333333333,49.0,Medium,0
C5642,79.0,1,0,1,1925.0,0.3333333333333333,67.0,Medium,0
C5658,66.0,1,1,0,465.0,0.3333333333333333,28.999999999999996,Low,2
C5662,57.0,1,0,0,1627.0,0.3333333333333333,40.0,Medium,0
C5670,77.0,1,1,1,1340.0,0.3333333333333333,35.0,Low,0
C5673,67.0,1,0,1,1011.0,0.3333333333333333,23.0,Low,0
C5719,82.0,1,1,1,999.0,0.3333333333333333,41.0,Medium,2
C5729,47.0,1,1,0,255.0,0.3333333333333333,59.0,Medium,2
C5735,60.0,1,0,0,479.0,0.3333333333333333,39.0,Low,2
C5736,41.0,1,0,0,1152.0,0.3333333333333333,44.0,Medium,0
C5737,91.0,1,1,0,505.0,0.3333333333333333,68.0,Medium,2
C5748,104.0,1,0,0,1025.0,0.3333333333333333,42.0,Medium,2
C5752,73.0,1,0,0,1626.0,0.3333333333333333,44.0,Medium,0
C5757,76.0,1,0,0,1018.0,0.3333333333333333,64.0,Medium,0
C5777,67.5,2,0,0,1395.5,0.6666666666666666,18.0,Low,1
C5780,55.0,2,1,1,930.5,0.6666666666666666,39.0,Low,1
C5784,79.0,1,1,1,1494.0,0.3333333333333333,32.0,Low,0
C5804,66.0,1,0,0,1272.0,0.3333333333333333,57.99999999999999,Medium,0
C5809,74.0,1,0,1,1228.0,0.3333333333333333,49.0,Medium,0
C5820,109.0,1,1,0,1918.0,0.3333333333333333,60.0,Medium,0
C5835,55.0,1,0,0,1691.0,0.3333333333333333,65.0,Medium,0
C5846,42.0,1,0,1,821.0,0.3333333333333333,28.999999999999996,Low,2
C5849,88.0,1,1,1,516.0,0.3333333333333333,17.0,Low,2
C5854,36.0,1,0,0,1019.0,0.3333333333333333,56.00000000000001,Medium,0
C5858,44.0,1,0,0,1843.0,0.3333333333333333,43.0,Medium,0
C5859,44.0,1,1,1,1049.0,0.3333333333333333,28.999999999999996,Low,2
C5869,90.0,1,1,1,889.0,0.3333333333333333,65.0,Medium,2
C5887,73.0,1,1,0,598.0,0.3333333333333333,60.0,Medium,2
C5892,102.0,1,0,0,1196.0,0.3333333333333333,34.0,Low,0
C5893,40.0,1,0,0,1646.0,0.3333333333333333,33.0,Low,0
C5910,93.0,1,1,0,1073.0,0.3333333333333333,35.0,Low,2
C5911,95.0,1,1,0,706.0,0.3333333333333333,79.0,High,2
C5926,61.0,1,0,1,553.0,0.3333333333333333,41.0,Medium,2
C5931,86.0,1,1,0,1235.0,0.3333333333333333,86.0,High,0
C5944,39.0,1,1,0,1269.0,0.3333333333333333,80.0,High,0
C5946,56.0,1,0,1,1010.0,0.3333333333333333,32.0,Low,0
C5964,70.0,1,0,0,1530.0,0.3333333333333333,76.0,High,0
C5968,117.0,1,1,0,1719.0,0.3333333333333333,15.0,Low,0
C5971,38.0,1,1,0,762.0,0.3333333333333333,54.0,Medium,2
C5973,75.0,1,0,0,1357.0,0.3333333333333333,70.0,High,0
C5976,53.0,1,0,0,1819.0,0.3333333333333333,56.99999999999999,Medium,0
C5980,47.0,1,1,0,1451.0,0.3333333333333333,44.0,Medium,0
C6029,87.0,1,0,0,1388.0,0.3333333333333333,32.0,Low,0
C6031,46.0,1,0,0,470.0,0.3333333333333333,38.0,Low,2
C6051,68.0,1,0,0,992.0,0.3333333333333333,82.0,High,0
C6052,64.0,1,1,1,1310.0,0.3333333333333333,57.99999999999999,Medium,0
C6056,31.0,1,1,0,1696.0,0.3333333333333333,94.0,High,0
C6063,42.0,1,0,0,1806.0,0.3333333333333333,43.0,Medium,0
C6073,49.0,1,0,0,1960.0,0.3333333333333333,50.0,Medium,0
C6083,62.0,1,0,1,515.0,0.3333333333333333,41.0,Medium,2
C6088,103.0,1,0,0,1931.0,0.3333333333333333,25.0,Low,0
C6104,65.0,1,0,0,1825.0,0.3333333333333333,51.0,Medium,0
C6109,47.0,1,1,0,1317.0,0.3333333333333333,80.0,High,0
C6115,115.0,1,0,0,1702.0,0.3333333333333333,36.0,Low,0
C6116,63.0,1,0,0,1314.0,0.3333333333333333,38.0,Low,0
C6122,86.0,1,0,0,1235.0,0.3333333333333333,41.0,Medium,0
C6124,62.5,2,2,0,1068.0,0.6666666666666666,64.0,Medium,1
C6126,71.0,1,0,0,974.0,0.3333333333333333,30.0,Low,0
C6134,55.0,1,0,0,1399.0,0.3333333333333333,44.0,Medium,0
C6142,56.0,1,0,1,506.0,0.3333333333333333,15.0,Low,2
C6161,34.0,1,0,0,880.0,0.3333333333333333,71.0,High,0
C6172,44.0,1,1,0,753.0,0.3333333333333333,54.0,Medium,2
C6177,107.0,1,0,0,948.0,0.3333333333333333,44.0,Medium,2
C6182,81.0,1,0,0,1325.0,0.3333333333333333,0.0,Low,0
C6188,88.0,1,1,0,286.0,0.3333333333333333,15.0,Low,2
C6191,46.0,1,1,0,1463.0,0.3333333333333333,77.0,High,0
C6222,44.0,1,1,0,325.0,0.3333333333333333,48.0,Medium,2
C6232,72.5,2,1,1,691.0,0.6666666666666666,43.0,Medium,1
C6237,50.0,1,0,1,546.0,0.3333333333333333,11.0,Low,2
C6240,86.0,1,0,0,1604.0,0.3333333333333333,76.0,High,0
C6249,58.0,1,0,1,529.0,0.3333333333333333,28.999999999999996,Low,2
C6256,86.0,1,0,1,528.0,0.3333333333333333,63.0,Medium,2
C6258,81.0,1,0,0,1479.0,0.3333333333333333,57.99999999999999,Medium,0
C6276,71.0,1,1,0,697.0,0.3333333333333333,48.0,Medium,2
C6287,34.0,1,0,1,710.0,0.3333333333333333,18.0,Low,2
C6293,75.0,1,0,1,597.0,0.3333333333333333,60.0,Medium,2
C6299,98.0,1,0,0,1757.0,0.3333333333333333,24.0,Low,0
C6301,64.0,1,1,0,578.0,0.3333333333333333,39.0,Low,2
C6305,48.0,1,0,0,1352.0,0.3333333333333333,53.0,Medium,0
C6311,71.0,1,1,1,1193.0,0.3333333333333333,34.0,Low,2
C6315,31.0,1,0,0,876.0,0.3333333333333333,41.0,Medium,0
C6320,43.0,1,1,1,592.0,0.3333333333333333,44.0,Medium,2
C6334,50.0,1,0,0,1824.0,0.3333333333333333,12.0,Low,0
C6342,82.0,1,1,0,831.0,0.3333333333333333,45.0,Medium,2
C6348,63.0,1,0,0,1052.0,0.3333333333333333,36.0,Low,0
C6373,89.0,1,1,1,850.0,0.3333333333333333,0.0,Low,2
C6387,34.0,1,0,0,1545.0,0.3333333333333333,31.0,Low,0
C6390,58.0,1,1,0,937.0,0.3333333333333333,93.0,High,2
C6393,60.0,1,1,0,329.0,0.3333333333333333,15.0,Low,2
C6401,37.0,1,1,1,1637.0,0.3333333333333333,0.0,Low,0
C6408,88.0,1,1,0,1002.0,0.3333333333333333,38.0,Low,2
C6415,63.0,1,1,0,1649.0,0.3333333333333333,31.0,Low,0
C6423,119.0,1,0,0,929.0,0.3333333333333333,27.0,Low,2
C6442,115.0,1,0,0,749.0,0.3333333333333333,47.0,Medium,2
C6449,60.0,1,1,1,1334.0,0.3333333333333333,35.0,Low,0
C6450,66.0,1,1,0,288.0,0.3333333333333333,69.0,Medium,2
C6463,56.0,1,0,0,213.0,0.3333333333333333,69.0,Medium,2
C6468,68.0,1,0,0,1568.0,0.3333333333333333,38.0,Low,0
C6486,68.5,2,0,0,1534.5,0.6666666666666666,56.99999999999999,Medium,1
C6490,98.0,1,1,0,908.0,0.3333333333333333,57.99999999999999,Medium,2
C6530,52.0,1,0,0,1039.0,0.3333333333333333,9.0,Low,0
C6534,73.0,1,0,1,739.0,0.3333333333333333,46.0,Medium,2
C6535,89.0,1,1,0,533.0,0.3333333333333333,12.0,Low,2
C6536,46.0,1,0,0,319.0,0.3333333333333333,75.0,High,2
C6539,39.0,1,1,0,187.0,0.3333333333333333,5.0,Low,2
C6541,55.0,1,1,0,705.0,0.3333333333333333,79.0,High,2
C6560,76.0,1,0,0,1370.0,0.3333333333333333,63.0,Medium,0
C6565,91.0,1,0,0,1873.0,0.3333333333333333,42.0,Medium,0
C6567,67.0,1,0,0,1372.0,0.3333333333333333,46.0,Medium,0
C6569,46.0,1,0,0,563.0,0.3333333333333333,50.0,Medium,2
C6575,55.0,1,0,0,376.0,0.3333333333333333,32.0,Low,2
C6578,114.0,1,0,0,1663.0,0.3333333333333333,35.0,Low,0
C6585,108.0,1,0,0,1724.0,0.3333333333333333,49.0,Medium,0
C6588,85.0,2,1,2,1098.0,0.6666666666666666,16.0,Low,1
C6592,41.0,2,1,0,1154.0,0.6666666666666666,28.999999999999996,Low,1
C6596,110.0,1,0,0,1979.0,0.3333333333333333,36.0,Low,0
C6600,44.0,1,1,1,1194.0,0.3333333333333333,22.0,Low,0
C6618,92.0,1,1,0,1818.0,0.3333333333333333,11.0,Low,0
C6622,44.0,1,1,0,207.0,0.3333333333333333,62.0,Medium,2
C6625,41.0,1,1,0,1425.0,0.3333333333333333,53.0,Medium,0
C6644,115.0,1,0,1,824.0,0.3333333333333333,55.00000000000001,Medium,2
C6645,92.0,1,1,0,1313.0,0.3333333333333333,20.0,Low,0
C6675,49.0,1,1,1,464.0,0.3333333333333333,27.0,Low,2
C6691,64.0,1,1,1,205.0,0.3333333333333333,42.0,Medium,2
C6699,76.0,1,1,0,924.0,0.3333333333333333,56.00000000000001,Medium,2
C6713,73.0,1,0,0,238.0,0.3333333333333333,59.0,Medium,2
C6726,111.0,1,0,0,1360.0,0.3333333333333333,38.0,Low,0
C6732,88.0,2,0,1,1610.0,0.6666666666666666,48.0,Medium,1
C6734,89.0,1,1,0,1992.0,0.3333333333333333,37.0,Low,0
C6742,40.0,1,0,0,1585.0,0.3333333333333333,98.0,High,0
C6745,69.0,1,1,0,105.0,0.3333333333333333,66.0,Medium,2
C6750,109.0,1,0,0,444.0,0.3333333333333333,20.0,Low,2
C6759,100.0,1,0,0,1273.0,0.3333333333333333,64.0,Medium,0
C6765,74.0,1,1,0,245.0,0.3333333333333333,62.0,Medium,2
C6779,91.0,1,1,0,1264.0,0.3333333333333333,27.0,Low,0
C6788,39.0,1,1,0,112.0,0.3333333333333333,51.0,Medium,2
C6791,30.0,1,0,0,1527.0,0.3333333333333333,74.0,High,0
C6797,80.0,1,0,1,1627.0,0.3333333333333333,100.0,High,0
C6801,117.0,1,0,0,1499.0,0.3333333333333333,52.0,Medium,0
C6811,35.0,1,1,0,1047.0,0.3333333333333333,47.0,Medium,0
C6854,39.0,1,1,0,961.0,0.3333333333333333,71.0,High,2
C6855,41.0,1,0,0,1042.0,0.3333333333333333,36.0,Low,0
C6864,55.0,1,0,0,987.0,0.3333333333333333,56.00000000000001,Medium,0
C6870,100.0,1,1,1,629.0,0.3333333333333333,43.0,Medium,2
C6878,55.0,1,0,1,409.0,0.3333333333333333,65.0,Medium,2
C6881,45.0,1,0,0,1352.0,0.3333333333333333,67.0,Medium,0
C6892,86.0,1,0,0,1358.0,0.3333333333333333,91.0,High,0
C6895,42.0,1,0,1,1473.0,0.3333333333333333,50.0,Medium,0
C6915,88.0,1,0,1,1137.0,0.3333333333333333,36.0,Low,0
C6917,116.0,1,0,0,1610.0,0.3333333333333333,22.0,Low,0
C6919,101.0,1,0,0,1478.0,0.3333333333333333,46.0,Medium,0
C6949,103.0,1,0,0,139.0,0.3333333333333333,54.0,Medium,2
C6951,57.0,1,0,0,171.0,0.3333333333333333,31.0,Low,2
C6959,78.0,1,0,0,528.0,0.3333333333333333,71.0,High,2
C6966,45.0,1,1,0,797.0,0.3333333333333333,51.0,Medium,2
C6971,80.0,1,1,0,1128.0,0.3333333333333333,28.999999999999996,Low,2
C6975,106.0,1,0,0,719.0,0.3333333333333333,19.0,Low,2
C6977,93.5,2,1,1,827.0,0.6666666666666666,10.0,Low,1
C6984,94.0,1,0,0,1940.0,0.3333333333333333,44.0,Medium,0
C6986,60.0,1,1,1,1765.0,0.3333333333333333,82.0,High,0
C6988,56.0,1,1,0,798.0,0.3333333333333333,40.0,Medium,2
C6989,86.0,1,0,0,1392.0,0.3333333333333333,46.0,Medium,0
C6997,34.0,1,0,0,1617.0,0.3333333333333333,0.0,Low,0
C7002,101.0,1,1,0,1251.0,0.3333333333333333,49.0,Medium,2
C7015,36.0,1,0,0,1857.0,0.3333333333333333,71.0,High,0
C7016,104.0,1,1,0,1414.0,0.3333333333333333,38.0,Low,0
C7019,98.0,1,1,0,1438.0,0.3333333333333333,55.00000000000001,Medium,0
C7024,99.0,1,0,0,336.0,0.3333333333333333,73.0,High,2
C7028,75.0,1,0,0,1735.0,0.3333333333333333,51.0,Medium,0
C7031,105.0,1,1,1,450.0,0.3333333333333333,25.0,Low,2
C7038,74.0,1,0,1,1458.0,0.3333333333333333,41.0,Medium,0
C7042,31.0,1,0,0,441.0,0.3333333333333333,60.0,Medium,2
C7090,92.0,1,0,1,261.0,0.3333333333333333,17.0,Low,2
C7102,96.0,1,0,0,155.0,0.3333333333333333,35.0,Low,2
C7132,35.0,1,0,0,291.0,0.3333333333333333,35.0,Low,2
C7166,31.0,1,1,0,925.0,0.3333333333333333,77.0,High,2
C7168,47.0,1,1,0,410.0,0.3333333333333333,25.0,Low,2
C7172,100.0,1,0,0,1294.0,0.3333333333333333,56.00000000000001,Medium,0
C7184,72.0,1,1,0,1478.0,0.3333333333333333,16.0,Low,0
C7190,65.5,2,0,1,774.0,0.6666666666666666,33.0,Low,1
C7197,37.0,1,0,0,1304.0,0.3333333333333333,56.99999999999999,Medium,0
C7229,39.0,1,0,0,302.0,0.3333333333333333,30.0,Low,2
C7233,53.0,1,1,1,210.0,0.3333333333333333,39.0,Low,2
C7235,72.0,1,1,0,1891.0,0.3333333333333333,53.0,Medium,0
C7238,45.0,1,1,0,1810.0,0.3333333333333333,68.0,Medium,0
C7241,97.0,1,0,1,571.0,0.3333333333333333,60.0,Medium,2
C7254,93.0,1,1,1,204.0,0.3333333333333333,20.0,Low,2
C7265,51.0,1,1,0,439.0,0.3333333333333333,19.0,Low,2
C7269,30.0,1,0,0,370.0,0.3333333333333333,70.0,High,2
C7278,71.0,1,0,0,1331.0,0.3333333333333333,47.0,Medium,0
C7283,115.0,1,0,0,651.0,0.3333333333333333,59.0,Medium,2
C7287,60.5,2,2,1,922.5,0.6666666666666666,79.0,High,1
C7288,50.0,1,0,0,1360.0,0.3333333333333333,9.0,Low,0
C7293,107.0,1,0,1,1188.0,0.3333333333333333,36.0,Low,0
C7295,82.0,1,1,0,254.0,0.3333333333333333,14.000000000000002,Low,2
C7303,82.0,1,1,1,1255.0,0.3333333333333333,0.0,Low,0
C7313,66.0,1,1,0,337.0,0.3333333333333333,81.0,High,2
C7316,48.0,2,0,1,1280.0,0.6666666666666666,70.0,High,1
C7320,30.0,1,1,0,1127.0,0.3333333333333333,35.0,Low,0
C7327,103.0,1,1,0,1483.0,0.3333333333333333,26.0,Low,0
C7331,78.0,1,0,1,607.0,0.3333333333333333,37.0,Low,2
C7359,55.0,1,1,1,531.0,0.3333333333333333,36.0,Low,2
C7371,55.0,2,1,1,790.5,0.6666666666666666,41.0,Medium,1
C7374,32.0,1,1,0,1784.0,0.3333333333333333,54.0,Medium,0
C7376,102.0,1,0,0,1084.0,0.3333333333333333,22.0,Low,0
C7396,111.0,1,0,1,1640.0,0.3333333333333333,31.0,Low,0
C7413,52.0,1,1,0,1945.0,0.3333333333333333,39.0,Low,0
C7420,98.0,1,0,1,504.0,0.3333333333333333,54.0,Medium,2
C7439,109.0,1,1,1,880.0,0.3333333333333333,56.99999999999999,Medium,2
C7456,44.0,1,0,0,1075.0,0.3333333333333333,31.0,Low,0
C7457,57.0,1,1,0,1370.0,0.3333333333333333,55.00000000000001,Medium,0
C7469,110.0,1,1,0,1711.0,0.3333333333333333,47.0,Medium,0
C7484,93.0,1,0,0,587.0,0.3333333333333333,55.00000000000001,Medium,2
C7490,110.0,1,0,0,270.0,0.3333333333333333,56.00000000000001,Medium,2
C7493,112.0,1,0,0,983.0,0.3333333333333333,35.0,Low,2
C7506,36.0,1,1,0,190.0,0.3333333333333333,64.0,Medium,2
C7514,91.0,1,1,1,975.0,0.3333333333333333,49.0,Medium,2
C7528,56.0,1,0,0,192.0,0.3333333333333333,15.0,Low,2
C7530,107.0,1,0,0,1490.0,0.3333333333333333,64.0,Medium,0
C7541,71.0,1,1,0,1620.0,0.3333333333333333,23.0,Low,0
C7544,102.0,1,0,0,469.0,0.3333333333333333,14.000000000000002,Low,2
C7546,119.0,1,0,0,1044.0,0.3333333333333333,28.000000000000004,Low,2
C7565,96.0,1,0,0,669.0,0.3333333333333333,61.0,Medium,2
C7585,76.0,1,0,0,1974.0,0.3333333333333333,32.0,Low,0
C7588,116.0,1,1,1,813.0,0.3333333333333333,67.0,Medium,2
C7600,115.0,1,1,0,799.0,0.3333333333333333,54.0,Medium,2
C7614,103.0,1,1,0,337.0,0.3333333333333333,55.00000000000001,Medium,2
C7616,87.0,1,0,0,1844.0,0.3333333333333333,83.0,High,0
C7617,115.0,1,0,0,323.0,0.3333333333333333,69.0,Medium,2
C7619,88.0,1,1,0,407.0,0.3333333333333333,68.0,Medium,2
C7645,39.0,1,0,1,1078.0,0.3333333333333333,60.0,Medium,0
C7655,89.0,1,1,1,585.0,0.3333333333333333,46.0,Medium,2
C7665,119.0,1,0,0,1513.0,0.3333333333333333,32.0,Low,0
C7668,60.0,1,0,0,1591.0,0.3333333333333333,44.0,Medium,0
C7677,46.0,1,1,0,1501.0,0.3333333333333333,25.0,Low,0
C7694,30.0,1,1,0,759.0,0.3333333333333333,60.0,Medium,2
C7704,77.0,1,0,1,1335.0,0.3333333333333333,40.0,Medium,0
C7709,115.0,1,1,1,667.0,0.3333333333333333,51.0,Medium,2
C7731,84.0,1,1,1,1634.0,0.3333333333333333,67.0,Medium,0
C7736,102.0,1,0,0,306.0,0.3333333333333333,45.0,Medium,2
C7738,114.0,1,0,0,684.0,0.3333333333333333,31.0,Low,2
C7748,35.0,1,0,0,707.0,0.3333333333333333,81.0,High,2
C7767,110.0,1,0,0,943.0,0.3333333333333333,79.0,High,2
C7776,32.0,1,0,0,1845.0,0.3333333333333333,40.0,Medium,0
C7777,66.0,1,0,0,282.0,0.3333333333333333,39.0,Low,2
C7783,63.0,1,0,0,272.0,0.3333333333333333,22.0,Low,2
C7799,96.0,1,1,0,1522.0,0.3333333333333333,40.0,Medium,0
C7801,115.0,1,1,1,857.0,0.3333333333333333,4.0,Low,2
C7806,61.0,1,1,0,1468.0,0.3333333333333333,0.0,Low,0
C7809,113.0,1,0,0,169.0,0.3333333333333333,62.0,Medium,2
C7819,107.0,1,0,0,605.0,0.3333333333333333,51.0,Medium,2
C7833,76.0,1,0,0,1916.0,0.3333333333333333,20.0,Low,0
C7863,44.0,1,0,1,1111.0,0.3333333333333333,47.0,Medium,0
C7873,53.0,1,1,0,1574.0,0.3333333333333333,21.0,Low,0
C7881,116.0,1,0,1,1711.0,0.3333333333333333,46.0,Medium,0
C7882,38.0,1,0,0,291.0,0.3333333333333333,45.0,Medium,2
C7891,55.0,1,0,1,1320.0,0.3333333333333333,72.0,High,0
C7892,112.0,1,1,1,879.0,0.3333333333333333,41.0,Medium,2
C7893,57.0,1,0,0,1044.0,0.3333333333333333,44.0,Medium,0
C7898,50.0,1,1,0,454.0,0.3333333333333333,43.0,Medium,2
C7905,75.0,1,1,1,1116.0,0.3333333333333333,52.0,Medium,2
C7910,98.0,1,1,0,173.0,0.3333333333333333,44.0,Medium,2
C7937,107.0,1,1,1,1592.0,0.3333333333333333,78.0,High,0
C7938,51.0,3,1,2,760.3333333333334,1.0,34.0,Low,1
C7941,96.5,2,0,0,1192.5,0.6666666666666666,18.0,Low,1
C7943,41.0,1,0,1,1832.0,0.3333333333333333,38.0,Low,0
C7944,33.0,1,1,0,1387.0,0.3333333333333333,41.0,Medium,0
C7949,70.33333333333333,3,1,0,1290.0,1.0,32.0,Low,1
C7966,65.0,1,0,0,1494.0,0.3333333333333333,82.0,High,0
C7970,92.0,1,0,1,1242.0,0.3333333333333333,52.0,Medium,0
C7971,73.0,1,1,1,110.0,0.3333333333333333,21.0,Low,2
C7981,49.0,1,0,0,248.0,0.3333333333333333,56.00000000000001,Medium,2
C7986,47.0,1,0,1,1725.0,0.3333333333333333,56.99999999999999,Medium,0
C7988,41.0,1,0,0,1314.0,0.3333333333333333,35.0,Low,0
C7996,38.0,1,1,0,466.0,0.3333333333333333,64.0,Medium,2
C8002,83.0,1,0,1,848.0,0.3333333333333333,50.0,Medium,2
C8004,66.0,1,1,0,860.0,0.3333333333333333,53.0,Medium,2
C8022,77.0,1,0,0,1221.0,0.3333333333333333,35.0,Low,0
C8026,118.0,1,0,1,955.0,0.3333333333333333,42.0,Medium,2
C8027,93.0,1,0,0,787.0,0.3333333333333333,69.0,Medium,2
C8035,32.0,1,0,0,954.0,0.3333333333333333,39.0,Low,0
C8041,77.0,2,0,1,556.5,0.6666666666666666,62.0,Medium,1
C8043,118.0,1,0,0,1405.0,0.3333333333333333,55.00000000000001,Medium,0
C8056,73.0,1,0,0,112.0,0.3333333333333333,64.0,Medium,2
C8079,96.0,1,1,0,1071.0,0.3333333333333333,54.0,Medium,2
C8098,40.0,1,1,0,904.0,0.3333333333333333,31.0,Low,2
C8099,66.0,1,1,0,787.0,0.3333333333333333,51.0,Medium,2
C8102,84.0,1,0,0,1045.0,0.3333333333333333,24.0,Low,0
C8112,32.0,1,0,1,1101.0,0.3333333333333333,11.0,Low,0
C8114,86.0,1,0,0,238.0,0.3333333333333333,35.0,Low,2
C8125,51.0,1,0,0,742.0,0.3333333333333333,39.0,Low,2
C8140,116.0,1,1,0,1411.0,0.3333333333333333,39.0,Low,0
C8147,76.0,1,0,0,831.0,0.3333333333333333,74.0,High,2
C8158,95.0,1,0,1,1075.0,0.3333333333333333,70.0,High,0
C8164,109.0,1,0,0,486.0,0.3333333333333333,38.0,Low,2
C8186,54.5,2,0,0,898.0,0.6666666666666666,39.0,Low,1
C8190,51.0,1,0,0,1693.0,0.3333333333333333,46.0,Medium,0
C8192,59.0,1,1,1,1402.0,0.3333333333333333,33.0,Low,0
C8196,48.0,1,0,0,870.0,0.3333333333333333,46.0,Medium,0
C8206,65.0,1,1,0,482.0,0.3333333333333333,34.0,Low,2
C8208,43.0,1,0,0,902.0,0.3333333333333333,37.0,Low,0
C8215,34.0,1,1,0,1248.0,0.3333333333333333,37.0,Low,0
C8239,67.0,1,0,1,996.0,0.3333333333333333,41.0,Medium,0
C8240,62.0,1,0,0,1849.0,0.3333333333333333,88.0,High,0
C8241,46.0,1,0,1,1012.0,0.3333333333333333,47.0,Medium,0
C8245,80.0,1,0,0,1370.0,0.3333333333333333,0.0,Low,0
C8253,76.0,1,0,1,1930.0,0.3333333333333333,34.0,Low,0
C8266,65.0,2,0,1,1851.5,0.6666666666666666,30.0,Low,1
C8270,88.0,1,1,0,1914.0,0.3333333333333333,0.0,Low,0
C8280,30.0,1,0,0,1383.0,0.3333333333333333,11.0,Low,0
C8311,115.0,1,1,0,1511.0,0.3333333333333333,7.000000000000001,Low,0
C8312,85.0,1,0,1,713.0,0.3333333333333333,48.0,Medium,2
C8326,57.0,1,0,0,1798.0,0.3333333333333333,30.0,Low,0
C8330,61.0,1,1,0,1596.0,0.3333333333333333,50.0,Medium,0
C8339,33.0,1,0,0,149.0,0.3333333333333333,49.0,Medium,2
C8343,118.0,1,1,0,265.0,0.3333333333333333,42.0,Medium,2
C8350,57.0,1,1,0,1405.0,0.3333333333333333,56.00000000000001,Medium,0
C8357,96.0,1,0,0,1250.0,0.3333333333333333,56.99999999999999,Medium,0
C8385,72.0,1,1,1,782.0,0.3333333333333333,66.0,Medium,2
C8390,102.0,1,1,0,1712.0,0.3333333333333333,49.0,Medium,0
C8392,50.5,2,1,1,1255.0,0.6666666666666666,45.0,Medium,1
C8400,77.0,2,0,1,1458.5,0.6666666666666666,73.0,High,1
C8404,55.0,1,1,1,1161.0,0.3333333333333333,37.0,Low,0
C8408,84.0,1,1,0,639.0,0.3333333333333333,45.0,Medium,2
C8409,116.0,1,0,1,1974.0,0.3333333333333333,85.0,High,0
C8418,43.0,1,0,0,970.0,0.3333333333333333,12.0,Low,0
C8419,32.0,1,0,0,242.0,0.3333333333333333,52.0,Medium,2
C8421,35.0,1,0,1,976.0,0.3333333333333333,41.0,Medium,0
C8449,41.0,1,0,1,283.0,0.3333333333333333,28.000000000000004,Low,2
C8455,108.0,1,0,1,1543.0,0.3333333333333333,37.0,Low,0
C8483,37.0,1,0,1,1976.0,0.3333333333333333,62.0,Medium,0
C8489,93.0,1,1,1,556.0,0.3333333333333333,11.0,Low,2
C8494,43.0,1,1,0,948.0,0.3333333333333333,16.0,Low,2
C8509,31.0,1,1,0,834.0,0.3333333333333333,32.0,Low,2
C8513,44.0,1,1,0,430.0,0.3333333333333333,38.0,Low,2
C8526,82.0,1,0,0,570.0,0.3333333333333333,41.0,Medium,2
C8543,109.0,1,0,0,1667.0,0.3333333333333333,26.0,Low,0
C8546,53.0,1,1,1,1876.0,0.3333333333333333,68.0,Medium,0
C8554,82.0,1,0,1,938.0,0.3333333333333333,53.0,Medium,2
C8555,97.0,1,0,0,898.0,0.3333333333333333,39.0,Low,2
C8560,79.0,2,0,0,1657.5,0.6666666666666666,37.0,Low,1
C8561,95.0,1,0,0,648.0,0.3333333333333333,41.0,Medium,2
C8570,108.0,1,0,1,467.0,0.3333333333333333,28.000000000000004,Low,2
C8574,76.0,1,1,0,1686.0,0.3333333333333333,38.0,Low,0
C8575,113.0,1,0,1,372.0,0.3333333333333333,60.0,Medium,2
C8576,108.0,1,0,0,1966.0,0.3333333333333333,36.0,Low,0
C8577,94.0,1,0,0,1368.0,0.3333333333333333,37.0,Low,0
C8587,74.0,1,0,0,1734.0,0.3333333333333333,35.0,Low,0
C8629,36.0,1,0,0,1778.0,0.3333333333333333,48.0,Medium,0
C8641,94.0,1,0,0,672.0,0.3333333333333333,61.0,Medium,2
C8648,62.0,1,1,0,901.0,0.3333333333333333,47.0,Medium,2
C8651,70.0,1,0,1,427.0,0.3333333333333333,59.0,Medium,2
C8667,106.0,1,0,0,625.0,0.3333333333333333,51.0,Medium,2
C8668,70.0,1,0,0,284.0,0.3333333333333333,47.0,Medium,2
C8673,55.0,1,1,0,971.0,0.3333333333333333,45.0,Medium,2
C8679,57.0,1,0,0,862.0,0.3333333333333333,74.0,High,2
C8683,83.0,1,1,0,669.0,0.3333333333333333,44.0,Medium,2
C8687,82.0,1,1,0,533.0,0.3333333333333333,52.0,Medium,2
C8714,42.0,1,0,1,326.0,0.3333333333333333,18.0,Low,2
C8721,112.0,1,0,0,310.0,0.3333333333333333,56.00000000000001,Medium,2
C8723,49.0,1,0,0,1574.0,0.3333333333333333,50.0,Medium,0
C8730,57.0,1,0,0,729.0,0.3333333333333333,20.0,Low,2
C8734,100.0,1,0,0,1627.0,0.3333333333333333,57.99999999999999,Medium,0
C8777,101.0,1,1,0,1345.0,0.3333333333333333,27.0,Low,0
C8783,49.0,1,1,0,1874.0,0.3333333333333333,41.0,Medium,0
C8790,74.0,1,1,0,907.0,0.3333333333333333,25.0,Low,2
C8804,76.0,1,1,0,1081.0,0.3333333333333333,18.0,Low,2
C8805,76.0,1,1,0,300.0,0.3333333333333333,36.0,Low,2
C8806,77.0,1,0,1,200.0,0.3333333333333333,64.0,Medium,2
C8830,116.0,1,0,0,1679.0,0.3333333333333333,14.000000000000002,Low,0
C8849,98.0,1,0,0,1937.0,0.3333333333333333,76.0,High,0
C8858,78.0,1,0,0,1745.0,0.3333333333333333,32.0,Low,0
C8860,47.0,1,0,0,798.0,0.3333333333333333,55.00000000000001,Medium,2
C8863,84.0,1,1,1,143.0,0.3333333333333333,69.0,Medium,2
C8869,67.0,1,1,1,352.0,0.3333333333333333,62.0,Medium,2
C8891,110.0,1,0,1,598.0,0.3333333333333333,83.0,High,2
C8892,81.0,1,1,0,902.0,0.3333333333333333,31.0,Low,2
C8901,116.0,1,1,1,571.0,0.3333333333333333,42.0,Medium,2
C8916,75.0,1,1,1,558.0,0.3333333333333333,70.0,High,2
C8939,109.0,1,1,0,1478.0,0.3333333333333333,5.0,Low,0
C8941,79.0,1,0,1,1406.0,0.3333333333333333,48.0,Medium,0
C8943,83.0,1,1,1,1984.0,0.3333333333333333,49.0,Medium,0
C8956,105.0,1,0,0,228.0,0.3333333333333333,59.0,Medium,2
C8970,77.0,1,0,1,1581.0,0.3333333333333333,49.0,Medium,0
C8973,32.0,1,0,0,1320.0,0.3333333333333333,8.0,Low,0
C8984,83.0,1,1,1,1776.0,0.3333333333333333,59.0,Medium,0
C8987,98.0,1,0,1,1035.0,0.3333333333333333,32.0,Low,2
C8989,105.0,1,0,0,557.0,0.3333333333333333,42.0,Medium,2
C8992,78.0,1,0,1,1313.0,0.3333333333333333,40.0,Medium,0
C8994,93.0,1,1,1,1634.0,0.3333333333333333,56.99999999999999,Medium,0
C8996,46.0,1,1,0,463.0,0.3333333333333333,44.0,Medium,2
C9002,45.0,1,0,0,219.0,0.3333333333333333,60.0,Medium,2
C9004,89.0,1,0,1,1241.0,0.3333333333333333,56.00000000000001,Medium,0
C9006,92.0,1,0,0,561.0,0.3333333333333333,85.0,High,2
C9007,71.0,1,1,0,754.0,0.3333333333333333,47.0,Medium,2
C9010,78.0,1,0,1,1125.0,0.3333333333333333,77.0,High,0
C9017,44.0,1,1,0,1498.0,0.3333333333333333,23.0,Low,0
C9050,48.0,1,0,0,1432.0,0.3333333333333333,27.0,Low,0
C9053,62.0,1,1,0,206.0,0.3333333333333333,42.0,Medium,2
C9058,44.0,1,1,0,546.0,0.3333333333333333,53.0,Medium,2
C9070,102.0,1,1,1,522.0,0.3333333333333333,53.0,Medium,2
C9082,99.0,1,1,1,375.0,0.3333333333333333,51.0,Medium,2
C9096,73.0,1,0,0,1346.0,0.3333333333333333,44.0,Medium,0
C9110,96.0,1,0,0,1664.0,0.3333333333333333,42.0,Medium,0
C9120,89.0,2,1,0,1003.5,0.6666666666666666,48.0,Medium,1
C9130,106.0,1,1,0,326.0,0.3333333333333333,25.0,Low,2
C9135,94.0,1,0,1,884.0,0.3333333333333333,57.99999999999999,Medium,2
C9150,80.0,1,1,0,1083.0,0.3333333333333333,15.0,Low,2
C9152,79.0,1,0,0,237.0,0.3333333333333333,47.0,Medium,2
C9154,33.0,1,0,1,167.0,0.3333333333333333,35.0,Low,2
C9155,40.0,1,1,0,1085.0,0.3333333333333333,24.0,Low,0
C9162,51.0,1,1,1,262.0,0.3333333333333333,36.0,Low,2
C9164,101.0,1,0,1,1877.0,0.3333333333333333,15.0,Low,0
C9172,81.0,1,1,0,838.0,0.3333333333333333,55.00000000000001,Medium,2
C9173,40.0,1,0,1,1389.0,0.3333333333333333,37.0,Low,0
C9175,108.0,1,0,0,1799.0,0.3333333333333333,43.0,Medium,0
C9195,109.0,1,0,1,1858.0,0.3333333333333333,11.0,Low,0
C9208,112.0,1,0,0,375.0,0.3333333333333333,0.0,Low,2
C9226,71.0,1,0,1,1399.0,0.3333333333333333,57.99999999999999,Medium,0
C9258,77.0,1,1,0,155.0,0.3333333333333333,36.0,Low,2
C9306,101.0,1,0,0,521.0,0.3333333333333333,52.0,Medium,2
C9308,83.0,1,0,0,492.0,0.3333333333333333,56.00000000000001,Medium,2
C9311,93.0,1,1,0,778.0,0.3333333333333333,64.0,Medium,2
C9319,105.0,1,0,0,1003.0,0.3333333333333333,28.999999999999996,Low,2
C9322,80.0,1,1,0,491.0,0.3333333333333333,50.0,Medium,2
C9335,91.0,1,1,0,1181.0,0.3333333333333333,13.0,Low,2
C9338,106.0,1,0,1,1957.0,0.3333333333333333,39.0,Low,0
C9352,39.0,1,1,0,730.0,0.3333333333333333,53.0,Medium,2
C9389,68.0,1,0,0,853.0,0.3333333333333333,25.0,Low,2
C9392,33.0,1,0,0,808.0,0.3333333333333333,2.0,Low,0
C9393,66.0,1,0,0,1248.0,0.3333333333333333,64.0,Medium,0
C9415,89.0,1,1,0,1270.0,0.3333333333333333,82.0,High,0
C9427,93.0,1,1,0,559.0,0.3333333333333333,47.0,Medium,2
C9433,54.0,1,0,0,1387.0,0.3333333333333333,75.0,High,0
C9434,75.0,1,0,0,1059.0,0.3333333333333333,46.0,Medium,0
C9445,67.0,1,0,1,1634.0,0.3333333333333333,47.0,Medium,0
C9472,114.0,1,0,0,951.0,0.3333333333333333,53.0,Medium,2
C9477,96.0,1,0,1,1219.0,0.3333333333333333,51.0,Medium,0
C9512,34.0,1,1,0,107.0,0.3333333333333333,65.0,Medium,2
C9527,81.0,1,0,1,1730.0,0.3333333333333333,75.0,High,0
C9529,52.0,1,0,1,1822.0,0.3333333333333333,88.0,High,0
C9533,91.0,1,0,0,1864.0,0.3333333333333333,45.0,Medium,0
C9549,33.0,1,0,0,962.0,0.3333333333333333,51.0,Medium,0
C9554,63.0,1,1,0,979.0,0.3333333333333333,50.0,Medium,2
C9567,118.0,1,0,0,595.0,0.3333333333333333,53.0,Medium,2
C9571,50.0,1,1,1,1427.0,0.3333333333333333,36.0,Low,0
C9577,94.0,1,1,1,832.0,0.3333333333333333,19.0,Low,2
C9580,79.0,1,1,0,1067.0,0.3333333333333333,45.0,Medium,2
C9609,55.0,1,1,1,1733.0,0.3333333333333333,46.0,Medium,0
C9647,76.0,1,1,0,748.0,0.3333333333333333,61.0,Medium,2
C9659,92.0,1,0,0,714.0,0.3333333333333333,25.0,Low,2
C9662,84.0,1,1,0,1825.0,0.3333333333333333,33.0,Low,0
C9666,54.5,2,0,0,799.0,0.6666666666666666,26.0,Low,1
C9669,119.0,1,1,0,483.0,0.3333333333333333,41.0,Medium,2
C9680,86.0,1,0,1,1710.0,0.3333333333333333,22.0,Low,0
C9684,44.0,1,0,0,600.0,0.3333333333333333,26.0,Low,2
C9691,75.0,1,0,0,1747.0,0.3333333333333333,63.0,Medium,0
C9702,97.0,2,0,1,1515.5,0.6666666666666666,33.0,Low,1
C9716,105.0,1,0,0,1498.0,0.3333333333333333,74.0,High,0
C9717,48.0,1,0,0,888.0,0.3333333333333333,30.0,Low,0
C9754,49.0,1,0,0,909.0,0.3333333333333333,49.0,Medium,0
C9755,52.0,1,1,0,1832.0,0.3333333333333333,73.0,High,0
C9766,37.0,1,0,1,1353.0,0.3333333333333333,56.99999999999999,Medium,0
C9787,83.0,1,0,0,482.0,0.3333333333333333,59.0,Medium,2
C9792,50.0,1,0,0,1381.0,0.3333333333333333,51.0,Medium,0
C9795,102.0,1,0,0,1987.0,0.3333333333333333,84.0,High,0
C9800,64.0,1,1,0,189.0,0.3333333333333333,59.0,Medium,2
C9808,117.0,1,1,0,811.0,0.3333333333333333,71.0,High,2
C9815,33.0,1,0,0,1267.0,0.3333333333333333,31.0,Low,0
C9837,99.0,1,1,0,1819.0,0.3333333333333333,55.00000000000001,Medium,0
C9838,50.0,1,0,0,176.0,0.3333333333333333,60.0,Medium,2
C9865,97.0,1,0,1,915.0,0.3333333333333333,48.0,Medium,2
C9867,100.0,1,1,1,1891.0,0.3333333333333333,76.0,High,0
C9901,60.0,1,0,0,1198.0,0.3333333333333333,45.0,Medium,0
C9905,107.5,2,2,0,936.5,0.6666666666666666,80.0,High,1
C9914,65.0,1,0,0,1229.0,0.3333333333333333,48.0,Medium,0
C9915,58.0,1,0,0,996.0,0.3333333333333333,37.0,Low,0
C9924,39.0,1,1,0,1395.0,0.3333333333333333,42.0,Medium,0
C9932,57.0,1,0,1,1155.0,0.3333333333333333,33.0,Low,0
C9945,87.0,1,0,0,837.0,0.3333333333333333,74.0,High,2
C9958,89.0,1,0,0,306.0,0.3333333333333333,27.0,Low,2
C9967,73.0,1,1,1,505.0,0.3333333333333333,49.0,Medium,2
C9989,72.0,1,0,0,203.0,0.3333333333333333,43.0,Medium,2
C9996,109.0,1,1,0,438.0,0.3333333333333333,28.000000000000004,Low,2
